{
  "eye": {
    "orientation": [
      -0.9458759427070618,
      0,
      0,
      0.3245285153388977
    ],
    "magnitude": 1,
    "position": [
      0,
      314.3371276855469,
      -404.16253662109375
    ]
  },
  "radius": 512,
  "type": "ORTHOGRAPHIC"
}